uuid,nature_zone,noise,road_traffic,price_value,internal_structure,public_transportation,educational_facilities,complex_environment,parking_facilities,medical_facilities,urban_park,commercial_facilities,road_traffic_rating,price_value_rating,nature_zone_rating,commercial_facilities_rating,internal_structure_rating,parking_facilities_rating,public_transportation_rating,noise_rating,urban_park_rating,educational_facilities_rating,complex_environment_rating,medical_facilities_rating
apartment_1165011101,,"['주변이 조용해서 좋음.', '소음이 크게 신경 쓰이지 않음.']",,,,"['버스 정류장 가깝움.', '지하철역 도보 가능.', '신분당선 접근 용이.']",,,,,,,0,0,0,0,0,0,6,2,0,0,0,0
apartment_1165011102,,"['주변 소음이 적어 좋음.', '주말에도 조용한 편임.', '소음 걱정 없어 서 안심.']",,['가격 대비 만족스러움.'],,,,,,"['의료 시설이 잘 갖춰짐.', '어린이 병원이 가까움.']",,,4,3,0,3,0,0,3,3,0,0,5,2
apartment_1165011104,,"['소음이 적어 편안함.', '호텔 소음 걱정 없음.', '주변이 조용해서 좋음.']",,,,['강남까지 15분 소요.'],"['미래 인프라 기대됨.', '도서관이 들어올 예정.', '중학교가 건립 중임.']",,,,"['주변에 공원이 있음.', '자연과 가까운 느낌.', '산책하기 좋은 위치.', '조용한 환경이 매력적.', '자전거 타기 편리함.']","['미래 인프라 기대됨.', '강남까지 15분 거리.']",0,0,0,3,0,0,3,3,5,3,0,0
apartment_1165011103,,"['소음이 적어 편안함.', '주변이 조용해서 좋음.']",,,,"['신분당선 이용 가능.', '강남과 가까운 위치.', '여의도 접근성 향상.', '직장 접근성이 우수.', '주변 교통망이 좋음.']","['내곡중이 곧 개교함.', '아이들 학교 걱정 없음.']","['편리한 교통망 제공.', '청계산과 인릉산 인근.', '주거 환경이 만족스러움.', '직장 접근성이 뛰어남.']",,,,,0,0,0,0,0,0,7,2,0,4,7,0
apartment_1165011105,,"['산이 있어 소음 차단.', '평화로운 생활 가능.', '소음이 적어 편안함.']","['도심 접근성 뛰어남.', '강남 접근성이 우수.', '고속도로 접근 용이.']",,,"['도심 접근성 뛰어남.', '강남 접근성이 우수함.', '대중교통이 매우 편리함.']",,,,,['산책하기 좋은 장소.'],,4,0,0,0,0,0,4,5,6,0,0,0
apartment_1165010725,,,,,,,,,,,,,0,0,0,0,0,0,0,0,0,0,0,0
apartment_1165010726,,,,,,,,,,,,,0,0,0,0,0,0,0,0,0,0,0,0
apartment_1165010705,,,,,,,,,,,,,0,0,0,0,0,0,0,0,0,0,0,0
apartment_1165010709,,,,,,"['도보로 이동 가능함.', '지하철 9호선 가까움.']",,"['백화점이 인근에 있음.', '종합운동장과 가까움.', '대학병원도 근처에 있음.', '커뮤니티 센터가 활성화됨.', '대형 도서관이 편리함.', '한강이 도보 거리임.', '입지가 매우 우수함.', '조경 관리가 잘 되어있음.']",,,,"['반포 종합운동장 근처.', '대학병원 도보 가능.', '대형 도서관 이용 편리.', '지하철 9호선 가까움.', '한강과 가까워 좋음.', '입지가 매우 뛰어남.']",0,0,0,7,0,0,3,0,0,0,9,0
apartment_1165010706,,"['조용한 환경이 좋음.', '소음 문제 전혀 없음.', '이웃 소음 걱정 없음.', '내부 소음 차단 우수.']",,,,,,,,,,,0,0,0,0,0,0,0,5,0,0,7,0
apartment_1165010714,,['소음이 거의 없음. 주변이 조용해서 좋음.'],,,,"['도보로 이동 가능함.', '고속터미널 접근 용이.', '반포역도 이용 가능.']","['서초구립도서관 인접.', '안전한 통학로 제공.', '교육 인프라가 잘 갖춰짐.', '학습 환경이 우수함.', '초중고 도보 5분 거리.']",,,,,"['다양한 시설이 근처에 있음.', '9호선 사평역 2분 거리.', '학원가가 바로 옆에 있음.', '7호선과 3호선도 이용 가능.', '교통이 매우 편리함.', '학교와 가까워 좋음.']",0,0,0,6,0,0,6,1,0,7,0,0
apartment_1165010717,,,,,,,,,,,,,0,0,0,0,0,0,0,0,0,0,0,0
apartment_1165010718,,,,,,,,,,,,,0,0,0,0,0,0,0,0,0,0,0,0
apartment_1165010724,,['주변이 조용해서 좋음.'],,,,['이동이 매우 수월함.'],,,,,,,0,0,0,0,0,0,9,2,0,0,0,0
apartment_1165010713,,,,,,,,"['주변 소음이 적어 조용함.', '산책하기 좋은 길이 많음.', '주거지와 가까운 공원이 있음.', '주변 경관이 아름다움.', '주차 공간이 넉넉함.', '단지 내 조경이 잘 되어 있음.', '안전한 주거 환경 제공.', '주민 커뮤니티가 활성화됨.']",,,,"['상가가 없어 불편함.', '단지 내 휴식공간 부족.']",0,0,0,3,0,0,0,0,0,0,8,0
apartment_1165010710,,['주변이 조용해서 좋음.'],,,,,"['교육시설 접근성이 좋음.', '학교가 단지 내에 있음.', '전반적으로 만족도가 높음.', '학부모들 사이에서 인기 있음.', '아이들 통학이 편리함.', '교육환경이 만족스러움.']","['주민 간의 소통이 활발함.', '커뮤니티 시설이 우수함.', '학교가 단지 내에 있음.', '주변 편의시설 다양함.', '주거지 접근성이 좋음.', '자연 경관이 아름다움.', '주변 환경이 안전함.', '조용한 주거 분위기.', '1층은 차량 통행 없음.']","['주차공간이 넓어서 좋음.', '주차가 불편하지 않음.', '주차가 편리하게 가능함.', '주차장이 항상 여유있음.', '주차가 용이해서 좋음.', '주차시설이 잘 관리됨.']",,,"['커뮤니티 시설이 우수함.', '학교가 단지 내에 있음.', '주변 편의시설이 다양함.', '시설 관리가 잘 이루어짐.']",0,0,0,5,0,10,0,3,0,6,10,0
apartment_1165010703,,['소음이 적어 편안함.'],"['주차 공간이 충분함.', '차량 이동이 용이함.', '버스정류장이 가까움.', '지하철역도 인근에 있음.', '교통이 매우 편리함.', '자전거 도로도 잘 마련됨.']",,,['교통이 원활하여 좋음.'],,,,,,,7,0,0,0,0,0,3,1,0,0,5,0
apartment_1165010701,,,,,,"['주변에 정류장이 많음.', '고속터미널 이용 용이.', '교통 접근성이 좋음.']",,"['주차 공간이 넉넉함.', '주변 상업시설 풍부.', '주변 교통이 편리함.', '학군이 우수하여 좋음.']",,,,"['주변에 다양한 시설.', '생활 편의성이 높음.']",0,0,0,7,0,0,4,0,0,1,8,0
apartment_1165010707,,,,,,,['교육시설 접근성 우수.'],,,,"['입지가 매우 우수함.', '한강에 쉽게 접근 가능.']","['지하철이 인근에 있음.', '주변 편의시설 풍부.', '백화점이 도보 가능.', '서래마을 외식 편리.', '입지가 매우 우수함.', '교통이 매우 편리함.']",0,0,0,6,0,0,2,0,3,2,0,0
apartment_1165010712,,,"['지하철 3, 7, 9호선 이용 가능.', '경부고속도로 접근 용이함.', '대중교통 이용이 용이함.', '교통이 매우 편리함.', '주차 공간도 넉넉함.']",,,"['9호선도 이용 가능함.', '경부고속도로 접근 용이.', '3호선과 7호선 가까움.', '교통이 최적화되어 있음.']",,"['주변 경관이 아름다움.', '주차 공간이 넉넉함.', '관리 상태가 우수함.', '안전한 주거 환경임.', '주변 상업시설이 풍부함.', '교통이 매우 편리함.', '단지가 조용하고 쾌적함.', '다양한 대중교통 이용 가능.']",,,,"['주차 공간이 넉넉함.', '장보기 매우 용이함.', '다양한 상점이 근처에 있음.', '주변 시설이 잘 갖춰짐.']",5,0,0,4,0,0,5,1,0,0,8,0
apartment_1165010720,,"['소음 걱정 없어서 좋음.', '단지가 조용한 편임.']",,,,"['대중교통 이용 편리함.', '버스정류장도 가까움.', '고속터미널 역 근처.']",,,"['주차 공간이 협소함.', '주차시설 개선 필요함.', '주차 환경이 좋지 않음.', '주차 편의성이 떨어짐.', '주차 문제로 불만 많음.', '주차 공간이 아쉬움.']",,,"['서래마을 접근 용이.', '주변 교통이 편리함.', '장보기 장소 다양함.', '병원 등 편의시설 좋음.', '고속터미널 역 근처.']",0,0,0,7,0,9,5,4,0,0,0,0
apartment_1165010711,,,,,,"['교통 접근성이 뛰어남.', '이동이 간편해서 좋음.', '대중교통 이용이 편리함.', '주변 버스정류장 있음.', '주변 교통이 원활함.']",,"['한강 산책하기 좋음.', '주변 상업시설 풍부함.', '주차 공간이 넉넉함.', '자연과 가까워 좋음.', '주변 환경이 쾌적함.', '교통이 편리하여 좋음.']",,,"['한강 산책하기 좋음.', '자연 경관이 아름다움.']",,0,0,0,0,0,0,9,6,3,0,10,0
apartment_1165010716,,['주변이 매우 조용함.'],"['고터도 가까워 좋음.', '강남 이동이 편리함.', '마을버스 접근 용이.']",,,['강남으로 이동 용이.'],['마을버스 이용 용이.'],"['공원이 가까워 좋음.', '교통이 매우 편리함.', '마을버스 접근 용이함.', '교대역 도보 가능함.']","['주차 공간이 넉넉함.', '주차하기 매우 용이.', '지하주차장이 편리함.']",,,,4,0,0,0,0,4,4,1,2,6,6,0
apartment_1165010721,,,,"['가격이 많이 올랐음.', '올수리 상태가 우수.', '가격 대비 만족도가 높음.', '서래마을 위치가 좋음.']",,,,,,,,,0,8,0,0,0,0,0,0,0,0,0,0
apartment_1165010719,,,,,,"['대중교통이 잘 연결됨.', '이동이 수월해서 좋음.', '편리한 교통환경 만족.', '대중교통 이용이 편리함.', '고속버스터미널역과 가까움.']",,"['공원과 녹지가 많음.', '주차 공간이 넉넉함.', '주요 편의시설 가까움.', '안전한 주거 환경임.', '교통이 매우 편리함.', '주변이 조용하고 평화로움.', '생활 편의성이 높음.', '서래마을 도보 가능.']",,,,"['주요 편의시설 가까움.', '식당 선택 폭 넓음.']",0,0,0,5,0,0,8,0,0,0,9,0
apartment_1165010108,,,,['가격 대비 만족스러움.'],,"['대중교통 이용 만족.', '지하철 접근성이 좋음.', '주변 교통시설 양호.', '대중교통 이용 편리.', '대중교통 이용자 많음.']",,"['주차 공간이 넉넉함.', '자연 경관이 아름다움.', '주변 교통이 편리함.', '관리가 잘 되고 있음.', '주거 환경이 조용함.']",,,,,0,5,0,0,0,0,10,0,0,0,8,0
apartment_1165010126,,['소음이 적어 편안함.'],,,,,,,,,"['주변에 공원이 많음.', '자연과 가까운 위치.', '산책하기 좋은 곳임.', '주변이 조용하고 평화로움.']",,0,0,0,0,0,0,0,2,4,0,0,0
apartment_1165010131,,,,,,"['역까지 가까워 좋음.', '마을버스 이용 가능.']",,"['안전한 경비 서비스.', '매너주차가 잘 이루어짐.', '주변 환경이 조용함.', '주변 자연이 아름다움.', '단지 내 시설이 좋음.', '정원이 항상 잘 관리됨.']","['주차하기에 여유가 있음.', '주차가 용이한 위치임.', '주차시설이 만족스러움.', '주차가 편리해서 좋음.', '주차시설이 잘 관리됨.', '주차가 편리하게 이루어짐.', '주차 스트레스가 없음.']",,,,0,0,0,0,0,10,3,1,0,0,7,0
apartment_1165010140,,"['소음 차단이 우수함.', '주변 소음 걱정 없음.', '주택가라 소음 없음.', '소음이 적어 편안함.', '조용한 동네 분위기.', '주변이 조용해서 좋음.']","['주변 도로 상태 양호.', '교통이 편리하게 연결됨.', '대중교통 이용이 용이함.', '방배역 접근성이 좋음.', '500미터 이내에 위치.', '주차 공간도 넉넉함.']",,,"['지하철 접근성 우수.', '대중교통 이용 편리.', '주변 교통이 원활함.', '500미터 이내 위치.', '편리한 대중교통 환경.', '이동이 매우 용이함.']",,,,,,,9,0,0,0,0,0,8,6,0,0,0,0
apartment_1165010130,"['주거 환경이 쾌적함.', '자연지구 분위기 좋음.']",,,,,"['지하철 노선 다양함.', '이동이 편리한 지역.']",,"['지하철 노선 다양함.', '주변 먹거리가 풍부함.', '산책하기 좋은 곳임.', '주변 환경이 쾌적함.']",,,,"['지하철 접근성이 뛰어남.', '편의시설이 잘 갖춰짐.', '먹거리와 카페 많음.']",0,0,2,6,0,0,7,7,0,0,8,0
apartment_1165010114,"['고층에서 한강 조망 가능.', '4 베이 구조가 좋음.']",,,"['중고등학군이 우수함.', '고층에서 한강 조망 가능.', '주거 환경이 쾌적함.', '학교 통학이 용이함.', '4 베이 구조가 좋음.', '장점에 비해 저평가됨.']","['주거 환경이 쾌적함.', '4 베이 구조가 좋음.']","['대중교통 이용 용이.', '버스로 지하철 접근.', '마을버스 이용 가능.']","['주변 교육시설 좋음.', '아이들 성장에 도움.']","['경비가 친절하고 관리 좋음.', '단지가 소규모로 아늑함.', '서래초등학교 통학 가능.', '이웃 주민들이 점잖음.', '4 베이 구조가 좋음.', '중고등학군이 우수함.']",,,,,0,8,5,0,4,0,10,3,0,9,8,0
apartment_1165010113,,,,,,"['시내버스도 자주 다님.', '이동이 수월해서 좋음.', '교통이 편리해 좋음.', '버스 노선이 다양함.', '대중교통 이용이 용이함.', '교통이 최대 장점임.', '대중교통이 매우 편리함.', '어디든 금방 이동 가능.']",,"['주거 환경이 쾌적함.', '버스 노선이 다양함.', '지하철 입구가 가까움.', '교통이 매우 편리함.']",,,,"['홈플러스가 바로 있음.', '주변 상업시설 풍부함.', '주거지와 가까운 상점들.', '생활 편의성이 높음.']",0,0,0,4,0,0,9,0,0,0,4,0
apartment_1165010102,"['계절 변화가 아름다움.', '연말 불꽃놀이 관람 가능.', '음악분수도 즐길 수 있음.', '산책하기 좋은 위치.', '우면산 뷰가 압권임.']","['음악분수 소음 없음.', '평화로운 환경 제공.']",,,"['4베이 평면이 좋음.', '관리 상태가 우수함.']","['걸어서 지하철 접근.', '마을버스 이용 가능.']",,"['계절 변화가 아름다움.', '산책하기 좋은 환경.', '음악분수 즐길 수 있음.', '우면산 뷰가 압권임.', '불꽃놀이 보기 좋음.']",,,,,0,0,5,0,2,0,4,4,0,0,6,0
apartment_1165010117,,,,,,"['전반적으로 만족스러운 위치.', '마을버스로 7호선 이용 가능.', '641, 461번 버스 운행.', '대중교통 이용이 편리함.', '대중교통으로 이동이 수월함.', '2호선과 4호선 인접함.', '통학과 직장 이동 용이.', '방배역과 사당역 가까움.']",,,,,,,0,0,0,0,0,0,8,2,0,0,0,0
apartment_1165010128,,['주변 환경이 조용함.'],,,"['구조가 매우 훌륭함.', '내부 마감이 괜찮음.']",,,"['주변 환경이 조용함.', '자연과의 조화가 좋음.', '주차 공간이 넉넉함.', '안전한 주거 환경임.', '산책길이 잘 조성됨.', '주변에 편의시설 많음.']",,,,,0,0,0,0,4,0,0,1,0,0,6,0
apartment_1165010116,,,"['교통 혼잡하지 않음.', '지하철역 인근 위치.', '대중교통 이용 용이.', '교통이 매우 편리함.', '이동이 편리한 지역.']",,"['아파트 자체는 괜찮음.', '전반적으로 만족스러움.']","['대중교통 이용이 쉬움.', '이동이 용이해서 좋음.', '지하철역도 인근에 있음.', '대중교통 접근성이 좋음.', '주변 교통이 원활함.', '버스 정류장이 가까움.', '교통이 매우 편리함.', '다양한 노선이 있어 좋음.']",,"['주변 환경이 조용함.', '주거지 접근성이 좋음.', '안전한 주거 환경임.', '자연 경관이 아름다움.', '주차장이 넓어서 좋음.', '교통이 매우 편리함.']",,,,,10,0,0,0,6,0,10,0,0,0,6,0
apartment_1165010120,,"['소음이 적어 편안함.', '전체적으로 조용한 환경.', '주변이 조용해서 좋음.']",,,,"['출퇴근 편리한 편임.', '버스정류장이 가까움.', '고속터미널 접근 용이.', '9호선 구반포역도 가까움.', '4호선 이수역 이용 가능.']",,,,,,"['지하철 접근성이 좋음.', '버스정류장이 가까움.', '메가박스 이용 용이.', '고속터미널과 가까움.', '외식하기 좋은 위치.']",0,0,0,6,0,0,6,3,0,0,0,0
apartment_1165010129,,['도로와 가까움에도 조용.'],,,,"['편리한 위치에 있음.', '교통이 원활해서 좋음.', '시간 절약할 수 있음.', '대중교통 이용 쉬움.', '이동이 매우 편리함.', '주변 도로 접근성 좋음.']",,"['공원도 근처에 있음.', '생활 편의시설 많음.']",,,,,0,0,0,3,0,0,10,3,0,0,10,0
apartment_1165010136,,,,,,"['고속터미널 접근 용이.', '다양한 노선 이용 가능.', '이동이 매우 편리함.']","['주변 학군이 우수함.', '교육시설이 만족스러움.']",,,,,"['버스정류장이 가까움.', '가로수길 접근 용이.', '고속터미널과 가까움.', '교통이 매우 편리함.', '다양한 노선 이용 가능.', '주변 편의시설 좋음.']",0,0,0,7,0,0,7,0,0,2,0,0
apartment_1165010105,,"['소음이 적어 집중 가능.', '주변 소음이 거의 없음.', '소음 걱정 없이 생활 가능.', '소음이 적어 편안함.', '주변이 조용해서 좋음.']","['대중교통 이용 편리함.', '교통이 좋아서 만족.', '이동이 편리한 위치.', '버스 노선이 다양함.', '통행이 원활해서 좋음.']",,,"['편리한 위치에 있음.', '교통 혼잡하지 않음.', '주변 교통시설 우수.', '대중교통 접근성 좋음.']",,"['교통이 좋아서 편리함.', '주변 환경이 괜찮음.', '생활 편의시설 근처.']",,,,,9,0,0,0,0,0,9,5,0,0,3,0
apartment_1165010134,,['소음이 적어 편안함. 주변이 조용해서 좋음.'],,,,"['대중교통이 가까워 좋음.', '지하철 접근성이 좋음.', '2, 7호선 이용 편리.']",,"['단지가 조용해서 좋음.', '공기가 맑아서 좋음.', '산책하기 좋은 환경.']",,,,"['주변에 편의시설 많음.', '카페와 맛집 다양함.', '필요한 것들이 가까움.']",0,0,0,4,0,0,3,1,0,0,3,0
apartment_1165010115,,,"['고속버스터미널 인근.', 'KTX 접근성이 좋음.', '법원과 강남역 편리.']",,,"['교통망이 잘 구축됨.', '대중교통 이용이 편리.', '법원, 강남역 접근 용이.', '이동이 매우 수월함.', '4, 7호선 이용 편리.', 'KTX 접근성 좋음.', '고속버스터미널 인근.', '주변 교통이 우수함.']","['학생들 교육에 적합.', '학군이 매우 우수함.', '교육시설 접근 용이.', '서래초교 인근에 있음.']",,,,,"['맛집과 카페가 많음.', 'KTX 접근성이 뛰어남.', '쇼핑시설이 다양하게 있음.', '교통이 매우 편리함.', '재래시장도 가까워 좋음.', '법원과 강남역 접근 용이.']",6,0,0,6,0,0,10,0,0,8,0,0
apartment_1165010119,,,,,"['모던한 느낌이 필요함.', '주거 환경 개선 기대됨.', '내부 구조가 기대됨.']",,,,,,,,0,0,0,0,3,0,0,0,0,0,0,0
apartment_1165010135,,,,,,,"['주거지와 가까운 학교.', '아이 교육에 최적임.', '학교와 가까워 편리함.', '안전한 통학로가 있음.', '다양한 학원 선택 가능.', '주변 교육시설이 우수함.']","['재활용 쓰레기 처리 용이.', '생활 편의성이 뛰어남.', '지하철 도보 2분 거리.', '1층에 시장이 위치함.', '우체국이 건물 내에 있음.']",,,,"['생활 편의성이 뛰어남.', '1층에 시장이 위치함.', '우체국이 건물 내에 있음.', '주민센터가 인근에 있음.']",0,0,0,6,0,0,2,0,0,8,8,0
apartment_1165010138,,,"['주차 공간 여유있음.', '대중교통 이용 용이.']",,,"['대중교통 이용 추천.', '교통이 편리한 지역.', '대중교통 이용 편리함.', '이동이 수월해서 좋음.', '지하철 접근성 우수함.', '주변 교통 환경 좋음.']",,"['조경이 잘 되어 있음.', '주거 환경이 쾌적함.']",,,,,6,5,0,0,0,0,10,2,0,0,4,0
apartment_1165010112,,,,,,,,,,,,,0,0,0,0,0,0,0,0,0,0,0,0
apartment_1165010132,,,,,,"['교통망이 잘 구축됨.', '대중교통 이용 용이.', '교통 접근성이 좋음.']","['아이들 교육에 최적임.', '서리풀숲도서관이 좋음.']",,['주차 편의성이 좋음.'],,,"['서리풀숲도서관 개관.', '내방역 종상향 기대.']",0,0,0,8,0,10,6,0,0,5,0,0
apartment_1165010109,,['아파트 단지가 조용함.'],,,,"['대중교통 이용 만족.', '교통이 좋아 이사 고민.', '버스정류장 1분 거리.', '평지라 이동이 편함.', '서울 시내 접근 용이.', '대중교통이 매우 편리함.']",,,"['주차 공간이 항상 여유있음.', '주차장이 넉넉해서 좋음.', '주차하기 쉬운 구조임.', '주차 공간이 안전함.', '지하주차장 이용 편리함.', '주차장 위치가 좋음.', '주차시설 관리가 잘됨.', '주차 스트레스가 없음.', '주차 편의성이 뛰어남.']",,,,0,0,0,0,0,9,7,2,0,0,0,0
apartment_1165010110,,"['조용한 분위기가 좋음.', '주변이 깨끗하고 조용함.']",,,,"['사당역도 쉽게 접근 가능.', '대중교통 접근성 우수.', '공항버스도 근처에 있음.', '4, 7호선 가까움.', '교통편이 매우 편리함.', '이동이 매우 수월함.', '버스 이용하기 좋음.']",,"['버스 이용이 용이함.', '4,7호선과 가까움.', '공항버스도 근처에 있음.', '교통편이 매우 편리함.', '주변 환경이 쾌적함.', '동작역과 사당역도 가까움.', '안전한 주거 환경을 제공함.']",,,,,0,0,0,0,0,0,8,2,0,0,7,0
apartment_1165010111,,,,,,,"['셔틀 운행 학원 많음.', '학교 앞 픽업 서비스.', '학원가 선택 폭 넓음.', '서래초 배정이 좋음.', '교육 시설 접근 용이.', '학생들 만족도 높음.']",,,,,,0,0,0,0,0,0,0,0,0,8,0,0
apartment_1165010133,,['주변이 조용해서 좋음.'],,,,"['차로 이동도 용이함.', '주거 환경이 쾌적함.', '접근성이 뛰어난 위치.']","['안전한 통학로 있음.', '초등학교 통학 가능.']",,,,['공원이 가까워 좋음.'],"['생활 편의시설 풍부.', '신세계 백화점 가까움.', '접근성이 매우 우수함.', '유기농 가게도 근처.', '걸어서 마트 이용 가능.']",0,0,0,7,0,0,5,1,1,2,0,0
apartment_1165010123,,,,,,,"['가족 단위 거주에 적합.', '입지가 아주 우수함.']",,,,,"['병원도 근처에 위치.', '백화점이 가까워 편리.', '입지가 아주 우수함.', '주변에 상업시설 많음.']",0,0,0,4,0,0,0,0,0,4,0,0
apartment_1165010122,,,,,,,"['다양한 프로그램 운영.', '교육비용 대비 효과적.', '위치와 학군이 최상.', '학부모 만족도가 높음.']","['관리가 잘 이루어짐.', '안전한 단지 분위기.', '주변 환경이 쾌적함.', '다양한 편의시설 있음.']",,,,,0,0,0,0,0,0,0,0,0,8,7,0
apartment_1165010121,,,,,"['주차 공간이 넉넉함.', '방들이 넓어서 좋음.']","['주변 이동이 용이함.', '대중교통 이용 편리함.', '서울 어디든 편리함.', '대중교통 접근성이 좋음.', '교통이 매우 편리함.']",,,"['주차가 잘 되어 있음.', '주차가 불편하지 않음.', '주차 공간이 충분함.']",,,,0,0,0,0,3,10,9,0,0,0,0,0
apartment_1165010118,,['소음이 적어 쾌적함. 주변이 평화로움.'],,,,,"['교육적으로 거주하기 좋음.', '교육시설 접근성 좋음.', '아이 키우기 좋은 곳.']","['품격 있는 환경이 좋음.', '주변이 안전하고 평화로움.', '자연과 가까운 느낌.', '작은 숲이 있어 좋음.', '공원과 산책로가 많음.', '주민들이 친절하고 따뜻함.', '동네가 조용하고 깨끗함.']",,,,"['주변이 조용하고 깨끗함.', '전체적으로 만족스러움.']",0,0,0,4,0,0,0,1,0,3,7,0
apartment_1165010107,,,,"['역과 가까워 편리함.', '가성비가 뛰어난 선택.', '주변 시설이 잘 갖춰짐.', '가격 상승 가능성 있음.']",,['대중교통 접근성 우수.'],,['주변 편의시설 많음.'],,,,"['상가와 함께 이용 가능.', '먹자골목이 인근에 있음.', '역에서 가까워 편리함.', '생활 편의시설 풍부함.', '주변이 활기차고 좋음.']",0,4,0,5,0,0,10,3,0,0,7,0
apartment_1165010101,"['양재IC 근처 숲속에 위치해 좋음', '숲세권이라 아기 키우기 좋음', '공기 좋고 강남 분당 출근 편리함.', '조용하고 서울 숲세권에 주차도 넓음', '자연친화적인 서초구 아파트단지임.', '강남 근처 공기 좋음', '대중교통 불편하지만 숲속 공기 좋음', '살아보고 싶은 아파트임', '층간소음 적고 공기 좋음', '도심 속 자연과 함께 있는 곳임.', '자연친화적이지만 학군은 좋지 않음', '층간소음이 문제지만 숲세권이라 좋음', '양재역 접근성 좋고 자연경관 뛰어남', '자연 속에서 편안한 삶을 즐김', '매우 긍정적인 평가임', '공기 좋고 예쁜 카페 많음', '서초구 자연친화 아파트임', '강남 접근성 좋고 자연환경 우수함', '인능산 근처라 산책하기 좋음', '더샵포레에서 살고 있음', '산뷰가 좋고 살기 편리함', '공기 좋고 조용하지만 상권 부족함', '신축아파트 동간 거리 넓어 쾌적함.', '숲이 많아 공기가 좋음', '살기 좋고 만족도 높음 ㅎ', '공기 좋고 살기 좋은 초품아임.', '자연 소리 들리는 친환경 아파트임', '아침에 새소리가 나서 좋음ㅎ', '숲공기 좋고 마트, 백화점 가까움', '공기 좋고 조용하지만 인프라 부족함', '어린 아이 키우기 좋은 환경임', '아이들 키우기 좋은 동네임', '어린아이 키우기 좋은 환경임', '조용하고 공기 좋고 교통 편리함', '조용하고 쾌적한 숲세권임', '새로 생긴 지역이라 깨끗함.', '자연환경이 좋고 조용하고 한적함.', '유해시설 없고 조용함', '공기 좋고 조용한 환경임', '숲세권으로 최고의 선택지임', '공기가 좋고 힐링되는 곳임', '숲이 있어 살기 좋음', '녹지와 안전한 환경이 장점임', '조용하고 아이 키우기 좋은 곳임', '자연 친화적인 아파트 단지임']","['층간소음 문제 심각함', '조용하고 쾌적하며 주차가 좋음', '조용하고 서울 숲세권에 주차도 넓음', '살아보고 싶은 아파트임', '층간소음 적고 공기 좋음', '층간소음이 문제지만 숲세권이라 좋음', '매우 긍정적인 평가임', '강남 가는 버스 편리하고 조용함', '더샵포레에서 살고 있음', '살기 좋고 만족도 높음 ㅎ', '자연 소리 들리는 친환경 아파트임', '아침에 새소리가 나서 좋음ㅎ', '조용하고 공기 좋고 교통 편리함', '조용하고 쾌적한 숲세권임', '자연환경이 좋고 조용하고 한적함.', '주변시설 부족하지만 조용함.', '유해시설 없고 조용함', '공기 좋고 조용한 환경임', '조용하고 살기 좋은 직장 근처임', '조용하고 아이 키우기 좋은 곳임']","['양재IC 근처 숲속에 위치해 좋음', '조용하고 쾌적하며 주차가 좋음', '살아보고 싶은 아파트임', '차 없으면 생활 불편함', '매우 긍정적인 평가임', '강남 가는 버스 편리하고 조용함', '더샵포레에서 살고 있음', '조용하지만 차 없으면 교통 불편함', '살기 좋고 만족도 높음 ㅎ', '신사역에서 30분 만에 집 도착함.', '숲공기 좋고 마트, 백화점 가까움', '공기 좋고 조용하지만 인프라 부족함', '판교 출퇴근이 편리함', '교통이 편리하고 강남권과 가까움', '조용하고 초등학교 근처라 살기 좋음', '조용하고 살기 좋은 직장 근처임']","['공기 좋고 강남 분당 출근 편리함.', '살기 좋고 만족도 높음 ㅎ', '공기 좋고 예쁜 카페 많음', '매우 긍정적인 평가임', '더샵포레에서 살고 있음', '공기 좋고 살기 좋은 초품아임.', '마루 바닥 벌어지고 수압 약함', '공기 좋고 조용하지만 상권 부족함', '살아보고 싶은 아파트임', '숲공기 좋고 마트, 백화점 가까움', '살고 싶은 아파트 단지임', '산뷰가 좋고 살기 편리함', '교통이 편리하고 강남권과 가까움']","['새로 생긴 지역이라 깨끗함.', '아파트 수압이 낮아서 불편함.', '조용하고 쾌적하며 주차가 좋음', '살기 좋고 만족도 높음 ㅎ', '매우 긍정적인 평가임', '거실에서의 전망이 좋음', '마루 바닥 벌어지고 수압 약함', '살아보고 싶은 아파트임', '더샵포레에서 살고 있음']","['공기 좋고 강남 분당 출근 편리함.', '대중교통 불편하지만 숲속 공기 좋음', '살아보고 싶은 아파트임', '양재역 접근성 좋고 자연경관 뛰어남', '차 없으면 생활 불편함', '매우 긍정적인 평가임', '강남 가는 버스 편리하고 조용함', '강남 접근성 좋고 자연환경 우수함', '버스정류장 근처라 편리함', '더샵포레에서 살고 있음', '초등학교 가기 좋은 교통 편리한 곳', '살기 좋고 만족도 높음 ㅎ', '신분당선은 멀지만 버스가 편리함.', '교통이 불편하지만 나머지는 다 좋음', '신사역에서 30분 만에 집 도착함.', '조용하고 공기 좋고 교통 편리함', '조용하지만 지하철역이 없어 불편함.']","['조용하고 초등학교 근처라 살기 좋음', '숲세권이라 아기 키우기 좋음', '살기 좋고 만족도 높음 ㅎ', '매우 긍정적인 평가임', '학군 필요 없는 부부 거주 적합함', '살아보고 싶은 아파트임', '더샵포레에서 살고 있음', '자연친화적이지만 학군은 좋지 않음', '초등학교 가기 좋은 교통 편리한 곳', '어린 아이 키우기 좋은 환경임']","['더샵포레에서 살고 있음', '산뷰가 좋고 살기 편리함', '어린아이 키우기 좋은 환경임']","['조용하고 쾌적하며 주차가 좋음', '매우 긍정적인 평가임', '살기 좋고 만족도 높음 ㅎ', '주차 공간 부족으로 불만이 많음', '조용하고 서울 숲세권에 주차도 넓음', '살아보고 싶은 아파트임', '더샵포레에서 살고 있음', '신축아파트 동간 거리 넓어 쾌적함.']","['살기 좋고 만족도 높음 ㅎ', '매우 긍정적인 평가임', '살아보고 싶은 아파트임', '더샵포레에서 살고 있음']","['살기 좋고 만족도 높음 ㅎ', '매우 긍정적인 평가임', '살아보고 싶은 아파트임', '더샵포레에서 살고 있음']","['살기 좋고 만족도 높음 ㅎ', '매우 긍정적인 평가임', '살아보고 싶은 아파트임']",0,0,0,0,0,0,0,0,0,0,0,0
apartment_1165010139,,['단지가 조용하여 좋음.'],,,,"['사당으로 쉽게 이동.', '남부터미널 이동 용이.']",,,"['주차시설이 만족스러움.', '주차가 스트레스 없음.', '주차장 위치가 좋음.', '주차시설이 잘 갖춰짐.']",,,['상업시설 접근 용이.'],0,0,0,7,0,10,6,2,0,0,8,0
apartment_1165010125,,,"['주차 공간이 충분함.', '교통 편의성이 좋음.', '통행량이 적어 좋음.', '차량 접근이 용이함.']",,,"['교통이 원활하게 연결됨.', '서리풀터널 접근 용이.', '지하철역도 인근에 있음.', '버스정류장이 가까움.']",['문화 공간이 가까움.'],,,,,,8,0,0,3,0,0,6,0,0,2,0,0
apartment_1165010104,,,,,,"['편리한 교통망 구축.', '지하철 2호선 있어요.', '대중교통 접근 용이.']","['서문여고 근처에 있음.', '학군이 매우 우수함.', '학습 분위기 우수함.', '교육시설 접근 용이함.', '자녀 교육에 적합함.']",,,,,"['주차 공간이 넉넉함.', '편의시설이 근처에 있음.', '교통이 매우 편리함.']",0,0,0,4,0,0,5,1,0,9,0,0
apartment_1165010103,"['나무가 울창해 좋음.', '중층에서 산뷰 즐김.', '자연지구가 아름다움.', '주변 환경이 쾌적함.', '자연과 가까워 행복함.']",['소음이 크게 신경 쓰이지 않음.'],,,,"['대중교통 이용이 쉬움.', '교통 혼잡하지 않음.', '주거지와 연결이 좋음.', '지하철역도 근처에 있음.', '교통이 원활하여 좋음.', '이동이 매우 편리함.']",,"['중층 이상에서 산뷰 좋음.', '운동하기에 최적의 환경.', '단지 내 나무가 울창함.', '자연과 가까운 생활 가능.', '수영장과 헬스장 근처.', '편리한 교통 접근성 좋음.', '주변 시설이 잘 갖춰짐.', '여름에 음악분수 구경 가능.', '조용한 분위기 유지됨.']",,,,"['수영장과 헬스장 가까움.', '대로가 근처에 있음.']",0,0,5,3,0,0,8,1,0,0,9,0
apartment_1165010127,,,,,,,,"['공원도 근처에 있음.', '생활 편의시설 많음.']","['주차시설이 만족스러움.', '주차가 편리하게 가능.', '주차가 불편하지 않음.', '주차 공간이 충분함.', '주차 공간이 여유로움.', '주차시설이 잘 관리됨.', '주차하기에 좋은 위치.', '주차가 용이하여 좋음.', '주차장 접근성이 좋음.']",,,"['식사 선택지가 풍부함.', '교통이 좋은 위치임.', '생활 편의성이 높음.', '1층 롯데마트가 편리함.', '근처 은행이 많아 편리.']",0,0,0,8,0,10,0,0,0,0,9,0
apartment_1165010124,,,,"['리모델링 가능성 있음.', '거주 만족도가 높음.']",,,"['배정이 어려운 학교들.', '학군이 매우 우수함.', '서문고와 상문고도 좋음.', '세화고가 인기 있음.']",,"['주차 공간이 충분함.', '주차 공간이 쾌적함.', '주차가 편리하게 되어있음.', '주차가 용이해서 좋음.', '주차가 넓어서 좋음.', '주차 스트레스가 없음.']",,,,0,9,0,0,0,9,0,0,0,6,0,0
apartment_1165010816,,,,,,['대중교통 접근성 좋음.'],,"['CCTV가 많아 안전함.', '건전한 분위기가 좋음.', '관리 상태가 우수함.', '주변 환경이 쾌적함.']","['주차장 관리가 좋음.', '주차가 편리하게 제공됨.', '주차 접근성이 좋음.', '주차가 원활하게 이루어짐.', '주차 공간이 넉넉함.', '주차가 스트레스 없음.', '주차시설이 잘 갖춰짐.']",,,"['편리한 위치에 있음.', '외국인 관광객 많음.', '비즈니스 이용 적합.']",0,0,0,5,0,10,2,0,0,0,5,0
apartment_1165010827,"['주거 환경이 쾌적함.', '단지가 조용하고 안전함.']",['조용한 단지여서 좋음.'],,,,"['도보로 이동 가능함.', '3호선 이용이 용이함.', '남부터미널역 가까움.']",,,,,,"['예술의 전당 도보 가능.', '편의시설이 잘 갖춰짐.', '교통이 매우 편리함.']",0,0,2,5,0,0,4,1,0,0,0,0
apartment_1165010821,,"['수영장 소음이 적음.', '주변이 조용해서 좋음.']",,,,,"['미취학 아동에 적합함.', 'PSA가 근처에 위치.', '교육시설이 가까워 좋음.']","['안전한 주거 환경임.', '자연과 가까운 위치.', '산책로가 잘 조성됨.', '주변 시설이 다양함.']",,,['안전한 동네 분위기.'],"['주차 공간이 넉넉함.', '주변 시설이 다양함.', '교통이 편리한 위치임.', '한전아트센터 가까움.']",0,0,0,4,0,0,0,3,4,3,6,0
apartment_1165010857,,,"['웬만한 곳에 접근 용이.', '버스라인이 환상적임.', '단지 주변이 번잡함.', '주변 교통이 편리함.']",,,"['버스라인이 환상적임.', '교통이 매우 편리함.', '웬만한 곳에 접근 용이.']",,"['동네환경이 전반적으로 좋음.', '편의시설이 잘 갖춰짐.', '버스라인이 환상적임.', '안전한 분위기가 좋음.', '교통이 매우 편리함.']",,,,,5,0,0,0,0,0,4,0,0,1,8,0
apartment_1165010801,,"['밤에 조용한 분위기.', '소음 걱정 없어서 안심.', '소음이 적어 편안함.']",,,,"['대중교통 이용이 좋음.', '교통 접근성이 뛰어남.', '9호선 급행이 매력적.', '주변 교통이 원활함.', '강남권 이동이 편리함.', '여의도 출퇴근 용이.', '강남역으로 환승 용이.']","['지역 교육 인프라 우수함.', '교육시설 접근성이 좋음.', '안전한 통학로 제공.', '통학이 매우 편리함.', '교육 환경이 뛰어남.', '서일중학교 학업 성적 우수.', '학부모 만족도가 높음.', '100% 배정으로 안정적임.', '서초초등학교가 가까움.']",,,,,"['문화시설 접근성이 좋음.', '교통이 매우 편리함.']",0,0,0,3,0,0,10,5,0,10,0,0
apartment_1165010810,,['주변이 조용해서 좋음.'],,,"['방마다 드레스룸이 있음.', '넓은 공간 활용 가능.', '40평대 구조가 좋음.']",,,"['생활 편의시설 근처.', '조용한 분위기 유지.', '매너가 뛰어난 동네.']",,,,,0,0,0,0,5,0,0,3,0,0,7,0
apartment_1165010855,,,,,,,,"['공동시설이 세심해요.', '쾌적한 환경이 좋아요.', '조경이 정말 멋져요.', '산책로가 잘 조성됨.']",,,,"['주변 편의시설 다양함.', '상업시설 접근성이 좋음.', '상가가 새로 지어짐.']",0,0,0,3,0,0,0,0,0,0,5,0
apartment_1165010828,,"['교통 소음 걱정 없음.', '소음 문제 전혀 없음.']","['지하철 접근성 최고.', '교통으로 단점 커버.']",,,['대중교통 접근성 좋음.'],,,"['주차시설 외에 만족스러움.', '주차공간이 여유롭지 않음.', '주차 문제는 감수 가능.']",,,,7,0,0,0,0,3,9,7,0,0,0,0
apartment_1165010822,,['소음으로 인한 스트레스 없음.'],,,,"['교통이 원활하게 연결됨.', '지하철 접근성이 좋음.', '편리한 이동이 가능함.', '대중교통 이용이 편리함.', '대중교통 이용이 용이함.', '버스 정류장이 가까움.']",,,"['주차 공간이 충분함.', '주차 공간이 쾌적함.', '주차 접근성이 뛰어남.', '주차장 관리가 잘됨.', '주차가 용이하여 좋음.']",,,"['맛집이 가까워 좋음.', '이성당 빵집 인기 많음.', '주변 상권이 활발함.', '버스와 지하철 편리.', '프릳츠 커피 새로 오픈.', '교통이 편리하여 좋음.']",0,0,0,7,0,7,7,6,0,0,0,0
apartment_1165010834,,"['아파트 내 소음 적음.', '소음으로 인한 스트레스 없음.']",,,,['대중교통 접근성 우수.'],['초품아로 인기 높음.'],"['가족 단위 거주 적합.', '서초롯데마트 가까움.', '주변 편의시설 많음.', '교통이 매우 편리함.', '생활 편의성이 높음.']","['주차가 용이하여 편리.', '주차 접근성이 좋음.', '주차 공간이 충분함.', '주차 편의성이 뛰어남.', '주차장이 넓어서 좋음.', '주차 스트레스 없음.', '주차시설이 잘 관리됨.', '주차 위치가 안전함.']",,,['주변 편의시설 풍부.'],0,0,0,4,0,10,7,5,0,4,10,0
apartment_1165010806,,"['층간소음이 없어서 좋음.', '옆집 소리 안 들림.', '전반적으로 조용한 환경.']",,,,"['지하철역도 인근에 있음.', '대중교통 이용 빈번함.']","['중학교도 인근에 있음.', '교육 인프라가 좋음.']","['주말에 조용한 환경.', '층간소음이 전혀 없음.', '주변 인프라가 풍부함.', '노브랜드가 바로 옆에 있음.', '명달공원 산책로 좋음.', '중학교도 인근에 있음.', '영동프라자 장보기 편리.']",,,"['명달공원 산책로 좋음.', '조용한 환경이 매력적.']","['주변 인프라가 좋음.', '주상복합이 많아 편리함.', '장보기 편리한 위치.']",0,0,0,3,0,0,7,5,2,3,8,0
apartment_1165010809,,,,,,"['주변 교통시설 우수함.', '이동이 매우 수월함.', '지하철역도 인근에 있음.', '다양한 노선 이용 가능.', '편리한 교통망 자랑함.']",,['생활 편의성이 높음.'],,,,"['다양한 상점이 있음.', '생활 편의성이 높음.']",0,0,0,6,0,0,7,0,0,0,8,0
apartment_1165010851,,"['주변 소음이 잘 차단됨.', '층간소음이 적은 편임.', '소음으로 인한 스트레스 없음.', '소음이 크게 느껴지지 않음.', '소음 문제는 크게 걱정 없음.']",,,,"['대중교통 이용이 쉬움.', '교통이 원활하게 연결됨.', '강남 접근성이 좋음.', '버스 노선이 다양함.', '이동이 매우 용이함.', '주변 교통시설이 좋음.']",,"['강남 접근성이 좋음.', '겨울 난방 관리 용이.', '대단지 이점이 있음.']","['주차시설이 만족스러움.', '주차 문제로 스트레스 없음.', '주차 공간이 충분함.', '주차 공간이 넉넉함.', '주차가 용이해서 좋음.', '주차시설 관리가 잘됨.', '주차가 편리하게 됨.']",,,,0,0,0,0,0,8,8,5,0,0,5,0
apartment_1165010833,,,,,,,,"['주변 이웃이 친절함.', '동네 분위기가 좋음.', '주변에 나무가 많음.', '산책하기 좋은 환경.', '주차 공간이 넉넉함.', '상점이 가까워 편리함.', '자연 경관이 아름다움.', '주거지 안전성이 높음.', '주변이 조용해서 좋음.']",,,,,0,0,0,0,0,0,0,4,0,0,10,0
apartment_1165010836,,,,"['미래 가치 상승 가능.', '대형마트 도보 가능.', '가격이 매우 저렴함.', '주변 시설이 다양함.']",,['이동이 용이해 만족.'],"['교육 인프라 잘 갖춰짐.', '교육시설 접근성 우수.', '다양한 교육 옵션 존재.', '학교와 가까워 좋음.', '안전한 학습 환경 제공.', '자녀 교육에 적합함.']",,,,,"['학교와 대형마트 가까움.', '주차 공간이 넉넉함.', '상업시설 접근성이 좋음.', '교통이 매우 편리함.']",0,6,0,4,0,0,2,0,0,7,0,0
apartment_1165010832,,,,,"['내부 구조가 만족스러움.', '통풍이 잘 되어 좋음.', '공간 활용이 뛰어남.', '가구 배치가 용이함.']","['이동이 수월한 편임.', '3호선도 이용 가능.', '대중교통 이용 가능함.', '버스정류장 인근에 있음.', '편리한 교통망 구축됨.', '2호선 접근 가능함.']",,,,,,,0,0,0,0,6,0,9,0,0,0,0,0
apartment_1165010853,,['조용한 환경이 좋음.'],,,,"['2, 3호선 이용 가능.', '광역버스 노선 다양함.', '대중교통이 매우 좋음.']","['교육 지원 프로그램 많음.', '아이들 성장에 도움됨.', '학생들 안전하게 통학.', '학습 분위기 조성됨.', '초중고 가까워 편리.', '학부모 만족도 높음.', '교육시설 접근성 좋음.', '주변 교육환경 뛰어남.']","['관리 상태가 우수함.', '광역버스 이용 가능.']",,,,['광역버스 접근 용이.'],0,0,0,4,0,0,5,2,0,10,8,0
apartment_1165010860,,['조용한 대단지 주거지.'],,,,"['교통망이 잘 발달됨.', '버스정류장 근처에 있음.', '대중교통 이용 편리.', '주거지와 연결 용이.', '양재역 GTX-C 인접.', '지하철 접근성 좋음.']","['대치동 학원가와 연결됨.', '서이초, 서운중 학군 좋음.']",,"['주차시설이 잘 마련됨.', '세대당 2대 주차 가능.', '주차장 위치가 좋음.', '주차 공간이 넓어서 좋음.', '주차가 용이하여 좋음.', '주차 스트레스가 없음.', '주차 편의성이 뛰어남.']",,,"['고급 커뮤니티 시설.', '신축 상가로 편리함.']",0,0,0,3,0,10,9,2,0,2,0,0
apartment_1165010815,,,"['주변 이동이 용이함.', '위치와 교통이 최고.', '지하철 접근성이 좋음.', '대중교통 이용이 편함.', '버스 노선이 다양함.', '교통이 매우 편리함.']",,,"['지하철 접근성 좋음.', '편리한 교통망 제공.', '대중교통 이용 편리.', '주변 교통이 우수함.', '이동이 매우 용이함.']",,,,,,,9,0,0,9,0,0,10,2,0,0,0,0
apartment_1165010847,,"['방음은 보통 수준임.', '소음이 크게 느껴지지 않음.']",,,,,,,,,,['주변 환경이 만족스러움.'],0,0,0,3,0,0,0,2,0,0,0,0
apartment_1165010830,,['조용한 분위기 유지.'],"['주차 공간 여유있음.', '대중교통 이용 편리.', '통행량 적어 안전함.']",,,"['주변 이동이 용이함.', '교통 혼잡하지 않음.', '지하철역도 인근에 있음.', '버스 정류장 가까움.', '편리한 교통망 구축됨.', '대중교통 접근성 좋음.']",,"['주변에 공원이 많음.', '주차 공간이 넉넉함.', '상점이 근처에 있음.']",,,,"['주변 상업시설 다양함.', '쇼핑하기 좋은 위치.', '카페가 많아 편리함.']",8,0,0,5,0,0,7,6,0,0,10,0
apartment_1165010849,,,,,,"['편리한 교통망 제공.', '이용하기 매우 편리함.', '버스정류장도 가까움.', '대중교통 접근성 좋음.', '주변 시설과 연계 좋음.']","['안전한 면학 분위기.', '반포도서관 이용 용이.']","['일조권이 좋고 통풍 우수.', '접근성이 뛰어난 위치임.', '조경이 수려하고 깨끗함.', '안전한 환경이 조성됨.']",,,,"['호재가 많아 기대됨.', '접근성이 뛰어난 위치임.']",0,0,0,3,0,0,10,0,0,5,5,0
apartment_1165010841,,"['소음이 적어 편안함.', '한적한 환경이 매력.']",,,,"['교통 혼잡하지 않음.', '대중교통 이용 편리.', '주변 교통시설 우수.', '이동이 매우 용이함.', '지하철 접근성 좋음.']",,"['관리가 잘 되어 깨끗함.', '주변이 안전하고 평화로움.', '자연과 가까운 느낌.', '한적하고 조용한 환경.', '산책하기 좋은 장소.', '편리한 교통 접근성.']",,,,,0,0,0,0,0,0,8,3,0,0,6,0
apartment_1165010803,,"['주변이 조용해서 좋음.', '주거 환경이 평화로움.', '조용한 동네 분위기.', '소음이 적어 편안함.', '주변이 한적해서 좋음.']",,,,['신분당선 이용 가능.'],"['안전한 통학로 있음.', '서초초등학교 근처임.', '학부모 만족도가 높음.']",,,"['강남세브란스 이용 편리.', '의료 서비스 수준 높음.', '강남성모 병원 인근.', '의료시설 접근성이 좋음.']",,"['더블역세권으로 편리함.', '주민 편의시설이 다양함.', '주거지와 상업시설 근접.', '쇼핑시설 이용이 용이함.']",0,0,0,4,0,0,6,7,0,10,0,5
apartment_1165010848,,,,,"['확장된 실평수 만족.', '실평수가 넓어서 좋음.', '공간 활용이 뛰어남.', '주거 환경이 쾌적함.']",,,,,,,,0,0,0,0,7,0,0,0,0,0,0,0
apartment_1165010846,,"['소음이 크게 문제 없음.', '주도로변보다 조용함.', '주변이 조용해서 좋음.']",,,"['층간소음이 약간 있음.', '조용한 환경이 좋음.', '자연광이 잘 들어옴.']","['대중교통 이용 용이함.', '버스 정류장 근처임.', '교통 접근성이 좋음.', '이동이 매우 편리함.']",,,['주차 공간이 넉넉함.'],,,,0,0,0,0,4,5,7,3,0,0,0,0
apartment_1165010807,,"['주변 소음이 적어 좋음.', '소음 걱정이 없어 좋음.', '방음이 잘 되어 좋음.']",,,,,"['중학교와 초등학교가 가까움.', '교육 여건이 우수함.']",,,,,"['주차 공간이 넉넉함.', '주변 상업시설이 다양함.', '교통이 편리하여 좋음.']",0,0,0,3,0,0,0,3,0,3,0,0
apartment_1165010843,,"['층간 소음이 거의 없음.', '조용한 환경이 매력적.']",,,,,,"['안전하고 조용한 환경.', '층간 소음 거의 없음.', '관리 상태가 우수함.', '단지 내 차량 통제.']",,,,,0,0,0,0,0,0,2,2,0,0,4,0
apartment_1165010858,,,"['교통망이 잘 구축됨.', '주차 공간이 충분함.', '버스정류장이 가까움.', '교통편이 매우 편리함.', '지하철역도 인근에 있음.', '통행이 원활하여 좋음.']",,,,,,,,,"['주변에 편의시설 많음.', '교통망이 잘 갖춰짐.', '생활 편의성이 높음.']",8,0,0,3,0,0,0,0,0,0,0,0
apartment_1165010826,"['자연과 문화가 가까움.', '주변 환경이 쾌적함.']","['소음 극복이 필요함.', '소음이 불편하게 작용함.', '측간 소음도 느껴짐.', '소음 문제는 심각함.', '소음이 단점으로 지적됨.', '소음이 거주에 영향 줌.']",,"['가격대비 가성비 좋음.', '입지가 매우 뛰어남.']",,"['대중교통이 잘 발달됨.', '대중교통 이용이 편리함.', '다양한 노선 접근 가능.', '주변 교통이 원활함.', '2호선도 10분 거리.', '대중교통이 매우 편리함.', '이동이 정말 수월함.']",,"['자연과 문화가 가까움.', '주차 공간이 넉넉함.', '주변 환경이 쾌적함.', '대형마트가 인근에 있음.', '입지가 매우 우수함.', '생활 편의시설이 많음.']","['주차 스트레스가 적음.', '주차가 편리하게 가능.', '주차 문제는 드물게 발생.', '주차 공간이 넉넉함.', '입주자들 주차 만족도 높음.', '주차시설에 대한 만족도 높음.', '주차 공간 확보가 용이.', '주차장 위치가 좋음.', '주차시설 관리가 잘됨.', '주차가 용이한 환경임.']",,,"['주변에 대형마트 있음.', '입지가 매우 우수함.', '생활 편의시설이 많음.']",0,6,2,4,0,10,9,9,0,0,8,0
apartment_1165010824,,"['주변이 조용해서 좋음.', '내부가 조용한 편임.']",,,,,['아이 키우기 적합함.'],"['교양 있는 주민들 많음.', '아이들 안전하게 놀이 가능.', '주차 공간이 넉넉함.', '주변이 조용하고 편안함.', '자전거 타기 좋은 환경.', '놀이터가 내부에 있음.']","['차량 2.5대 가능함.', '주차 공간이 충분함.', '주차 위치가 우수함.', '주차장이 넓어서 좋음.', '주차장 관리가 잘됨.', '주차가 편리하게 이루어짐.', '주차가 용이하여 좋음.', '지하주차장과 연결됨.']",,,,0,0,0,0,0,10,0,3,0,3,10,0
apartment_1165010839,,"['조용한 주거환경 유지.', '완벽한 방음이 좋음.', '밤에도 소음 걱정 없음.']",,,,,,"['쓰레기 처리 편리함.', '럭셔리한 인테리어 만족.', '대형 평수가 장점임.', '주차장이 넓어서 좋음.', '스포츠센터가 훌륭함.', '라운지가 고급스러움.', '이태리산 대리석 사용.']",,,,"['주방가구가 독일산임.', '럭셔리한 삶을 제공.', '스포츠센터가 훌륭함.', '라운지가 고급스러움.', '이태리산 대리석 사용.']",0,0,0,6,0,0,0,3,0,0,8,0
apartment_1165010840,,,,"['가격 상승이 만족스러움.', '주변 편의시설 풍부함.', '역세권 위치가 좋음.', '가격 대비 만족도가 큼.']","['관리 상태가 양호함.', '자연 채광이 풍부함.', '내부 구조가 효율적임.', '실평수가 넓어서 좋음.', '주거 환경이 쾌적함.']","['교통 혼잡하지 않음.', '지하철 접근 용이함.']",,,,,,"['주변 편의시설 풍부함.', '역세권 위치가 좋음.', '교통이 편리하여 좋음.']",0,8,0,5,5,0,9,0,0,0,0,0
apartment_1165010825,"['우면산 뷰가 아름다움.', '조용한 환경이 좋음.']",['조용한 환경이 좋음.'],,,,"['남부터미널 지하철역 가까움.', '대중교통 이용이 편리함.']",,"['이마트가 바로 앞에 있음.', '우면산 뷰가 아름다움.', '조용한 환경이 좋음.', '주차장이 넓어서 편리함.', '편의시설이 잘 갖춰짐.', '아파트 관리가 우수함.', '주변이 안전하고 조용함.']",,,,['이마트가 가까워 편리.'],0,0,3,3,0,1,2,2,0,0,9,0
apartment_1165010819,,,,,,"['편리한 위치에 있음.', '대중교통 접근성 우수.']",,,"['주차시설이 만족스러움.', '차량 접근성이 좋음.', '주차 공간이 넉넉함.', '추가 주차권도 저렴.', '운전하기 좋은 위치.', '주차권이 기본 2개.']",,,,0,0,0,0,0,8,7,0,0,0,0,0
apartment_1165010802,,,"['대중교통 이용 용이함.', '버스 노선이 다양함.', '교통이 매우 편리함.', '주변 교통 혼잡 적음.']",,,"['대중교통 이용이 편리함.', '버스 노선이 다양함.', '교통이 매우 편리함.', '모든 곳으로 접근 용이.']","['안전한 통학로 있음.', '교육 환경이 우수함.', '학부모 만족도 높음.', '고등학교 선택 폭 넓음.', '교육시설 접근 용이함.']",,,,,"['버스 노선이 다양함.', '주변 시설이 잘 갖춰짐.', '교통이 매우 편리함.']",6,0,0,4,0,0,6,3,0,7,0,0
apartment_1165010835,,,,,['오래된 아파트 깨끗.'],"['대중교통 이용 편리함.', '다양한 노선 이용 가능.', '지하철 접근성 좋음.']",,"['롯데마트 5분 거리.', '생활 편의시설 많음.', '경비 관리가 우수함.', '주차 공간도 넉넉함.']",,,,['생활 편의시설 많음.'],0,0,0,2,2,0,8,0,0,0,9,0
apartment_1165010837,"['남향이라 햇볕 좋음.', '자연과 가까워 힐링됨.', '주변 환경이 쾌적함.', '우면산 전망이 멋짐.']",,,"['남향이라 햇볕 좋음.', '생활 편의시설 많음.']",,"['지하철역 접근 용이.', '남부터미널이 가까움.', '안전한 대중교통 환경.', '대중교통 이용 편리.', '대중교통 이용자 많음.', '대중교통 이용 만족도 높음.']",,"['남향이라 햇볕 좋음.', '주변 환경이 쾌적함.', '산책하기 좋은 곳임.', '교통이 편리해서 좋음.', '우면산 전망이 멋짐.']",,,,['주변에 편의시설 많음.'],0,7,4,2,0,0,8,0,0,0,6,0
apartment_1165010845,['자연경관이 아름다움.'],"['주거지 소음이 잘 관리됨.', '층간소음이 전혀 없음.', '조용한 분위기가 좋음.', '소음 문제로 불편함 없음.', '주변 소음이 적어 편안.', '소음으로 인한 스트레스 없음.', '조용한 환경이 매력적.', '소음 걱정 없이 생활 가능.']",,,"['통풍이 잘 되어 쾌적함.', '층간소음이 전혀 없음.', '남향으로 채광 좋음.', '집 구조가 마음에 듦.']","['주변 이동이 용이함.', '빠른 대중교통 이용 가능.', '교통이 매우 만족스러움.', '대중교통 이용 편리.', '편리한 교통망 구축됨.']",,,"['주차가 용이해서 만족.', '주차가 편리해서 좋음.', '주차 공간이 넉넉함.', '주차하기에 여유로움.', '주차시설이 안전하게 느껴짐.', '주차가 편리하게 되어있음.', '주차시설이 잘 관리됨.', '주차 공간이 넓어서 좋음.', '주차 스트레스가 없음.']",,,"['주차 공간이 넉넉함.', '스포츠센터 이용 용이.', '교통이 매우 편리함.', '주변 시설이 다양함.']",0,0,4,6,5,9,10,8,0,0,0,0
apartment_1165010850,,['주변이 조용해서 좋음.'],,,,"['교통 접근성이 뛰어남.', '교대로 바로 이동 가능.', '대중교통 이용 편리.', '아파트 옆 마을버스.', '주변 교통 환경 좋음.']",['공부하기 좋은 환경.'],,,,,,0,0,0,0,0,0,8,2,0,2,0,0
apartment_1165010811,,,,"['재건축으로 인한 변화 기대됨.', '저평가된 점이 매력적임.', '위치가 매우 유리함.', '투자 목적에 적합함.', '재건축 아파트로 기대됨.', '미래 가치 상승 가능성 있음.', '가격 대비 투자 가치 높음.']",,"['대중교통 이용 편리함.', '주변 교통망 우수함.', '강남역까지 7분 거리.']",,,,,,,0,7,0,0,0,0,8,0,0,0,0,0
apartment_1165010812,,,,,,,,,,,,,0,0,0,0,0,0,0,0,0,0,0,0
apartment_1165010844,,,,,,"['마을 버스 정류장 가까움.', '이동이 수월해서 좋음.', '대중교통 이용이 편리함.', '주변 교통이 잘 연결됨.', '강남역까지 쉽게 이동.', '교통이 편리한 위치임.']",,"['주변 상업시설 다양함.', '안전한 주거 환경임.', '관리 상태가 우수함.', '주변 환경이 쾌적함.', '마을버스로 이동 편리함.', '강남역 접근 용이함.', '교통이 매우 편리함.', '버스 정류장이 인접함.']",,,,,0,0,0,0,0,0,7,2,0,0,8,0
apartment_1165010852,,,,,,['지하철 2호선 가까움.'],['명문 초등학교가 있음.'],"['커뮤니티 시설이 우수함.', '사우나와 수영장 있음.', '조경이 잘 되어 있음.', '공원이 가까워 좋음.', '생활 편의성이 높음.']",,,,"['고급 상권과 가까움.', '다양한 상업시설 있음.', '생활 편의성이 높음.']",0,0,0,3,0,0,1,0,3,3,6,0
apartment_1165010808,,['저녁에도 소음 존재.'],,['가격 대비 위치가 좋음.'],,"['주변 이동이 용이함.', '교통이 원활하게 연결됨.', '지하철 접근성이 좋음.', '대중교통이 매우 편리함.', '대중교통 이용이 편리함.', '빠른 이동이 가능함.', '버스 노선이 다양함.', '교통비 절감 가능함.']","['교육 기회가 풍부함.', '아이 교육에 최적임.', '안전한 교육 환경임.', '교육시설 접근 용이.', '유치원도 잘 되어 있음.', '영어학원 인프라 좋음.']",,"['주차 접근성이 좋음.', '주차 공간이 충분함.', '주차가 편리하게 설계됨.', '이중주차 필요 없음.', '주차 공간이 넉넉함.', '주차 스트레스 없음.', '주차시설이 잘 관리됨.', '주차가 안전하게 가능.', '주차가 용이한 위치.']",,,,0,7,0,0,1,10,9,3,0,8,0,0
apartment_1165010854,,"['지하도 소음이 적음.', '초등학교 소음 걱정 없음.', '상권이 조용하게 형성됨.', '소음이 적어 편안함.', '전체적으로 평화로운 환경.', '주변이 조용해서 좋음.', '주차장 소음이 적음.']",,,,['대중교통 접근성 좋음.'],"['안전한 통학로 있음.', '학부모 만족도 높음.', '초등학교 셔틀 있음.']",,"['지하 주차는 부족함.', '심야 제외 자리 많음.']",,,['주차 공간 여유 있음.'],0,0,0,6,0,4,4,10,0,5,0,0
apartment_1165010804,,,,,,"['지하철 접근성 우수.', '이동이 용이하여 좋음.', '다양한 노선 선택 가능.', '대중교통 이용 편리.']","['교육시설 접근성이 좋음.', '안전한 통학로 있음.', '학부모 만족도가 높음.', '좋은 초중학교 근처.', '다양한 교육 프로그램 제공.']",,,,,,0,0,0,0,0,0,7,0,0,8,0,0
apartment_1165010818,,['이면에 위치해 조용.'],,,,"['편리한 대중교통 접근.', '버스 노선이 다양함.', '지하철 이용이 편리함.']",,"['주차 공간이 넉넉함.', '주변 환경이 쾌적함.', '아파트 관리가 우수함.', '버스 이동이 용이함.', '주거 만족도가 높음.', '경비 보안이 철저함.', '지하철 이용이 편리함.']",,,,"['지하철 이용이 편리함.', '버스 이동이 용이함.']",0,0,0,4,0,0,8,3,0,0,9,0
apartment_1165010823,,,,,"['방이 아늑하게 설계됨.', '내부 구조가 현대적임.']","['대중교통 이용이 편리함.', '이동이 매우 용이함.']",,,,,,"['주차 공간이 넉넉함.', '생활 편의성이 높음.', '교통이 매우 편리함.', '강남역도 도보 가능.', '주변 시설이 다양함.']",0,0,0,6,2,0,7,2,0,0,0,0
apartment_1165010820,,,,,,"['강남으로 이동 용이.', '주변 도로 연결 좋음.']",,,"['주차시설이 부족하지 않음.', '주차 환경이 괜찮음.', '주차 문제는 해결 가능.', '주차가 다소 어려움.', '주변 상가에 주차 가능.', '주차시설에 대한 불만 없음.', '도로변에 주차 용이.', '주차 공간이 다양함.']",,,,0,0,0,3,0,10,3,2,0,0,0,0
apartment_1165010817,,,,,,"['지하철 접근성이 좋음.', '교통이 매우 원활함.', '2호선 이용 가능함.', '버스정류장이 가까움.', '이동이 편리하여 좋음.', '5분 거리에 대중교통.']",,,,,,"['주변 시설 이용이 용이.', '지하철 접근성이 좋음.', '5분 거리에 교통편리.', '버스정류장이 가까움.', '편의시설이 잘 갖춰짐.', '식당이 다양하게 있음.', '헬스장이 근처에 있음.', '생활 편의성이 높음.', '주거지와 가까운 편의점.', '편리한 생활환경 제공.']",0,0,0,10,0,0,8,0,0,0,0,0
apartment_1165010838,,['주변이 조용해서 좋음.'],"['서초역이 바로 앞임.', '교통이 특급으로 좋음.', '교통 편의성이 뛰어남.']",,,"['서초역이 바로 앞임.', '편리한 대중교통 이용 가능.', '교통이 특급으로 좋음.']",,"['법원 주변이 조용함.', '교통이 매우 편리함.', '주거 환경이 만족스러움.']",,,,"['예술의 전당 근처임.', '고급스러운 환경이 매력적.', '교통이 매우 편리함.']",3,0,0,5,0,0,3,1,0,2,6,0
apartment_1165010805,,,,,,"['대중교통 이용 편리.', '주변 교통시설 우수.']","['서일중학교와 인접함.', '학군이 매우 우수함.', '서초초등학교가 가까움.']","['모든 것이 잘 관리됨.', '관리 상태가 우수함.']",,,,['관리 상태가 우수함.'],0,0,0,3,0,0,10,0,0,3,5,0
apartment_1165010829,,['소음이 없어서 좋음.'],,,,"['주변 교통시설 다양함.', '대중교통 접근성 우수.', '지하철역도 인근에 있음.', '대중교통 이용이 용이함.', '이동이 편리해서 좋음.']",,"['친절한 보안요원 상주.', '쓰레기 처리 편리함.', '주변 환경이 쾌적함.', '아파트 조경이 좋음.', '우면산 경치가 아름다움.']",,,"['우면산 경치가 좋음.', '아파트 조경이 아름다움.', '거주 환경이 쾌적함.']",['편리한 생활환경 제공.'],0,0,0,3,0,0,10,7,3,0,6,0
apartment_1165010859,,,,,,,,,,,,,0,0,0,0,0,0,0,0,0,0,0,0
apartment_1165010856,,['소음 걱정 없어서 좋음.'],,,,,,"['관리가 잘 되어 있음.', '주변 환경이 쾌적함.', '벌레가 없어서 좋음.']",,,,,0,0,0,0,0,0,0,6,0,0,8,0
apartment_1165010203,,,,,,"['버스정거장이 가까움.', '대중교통 접근성이 좋음.', '대중교통 이용 편리.']",,,['주차가 어렵지 않음.'],,['거주 만족도가 높음.'],,0,0,0,0,0,4,3,2,4,0,4,0
apartment_1165010202,,"['자연 소음이 편안함.', '소음이 전혀 없어서 좋음.', '주변이 조용해서 좋음.']",,,,,,"['숲속에 위치한 아파트.', '아침에 상쾌한 공기.', '주거 만족도가 높음.', '자연과 가까운 환경.']",,,,,0,0,0,0,0,0,0,4,0,0,5,0
apartment_1165010201,,,,,,,,,,,,,0,0,0,0,0,0,0,0,0,0,0,0
apartment_1165010314,,,"['교통편이 매우 우수함.', '주변 교통 혼잡 없음.', '주차 공간이 넉넉함.', '대중교통 접근 용이함.', '버스 노선이 다양함.', '교통이 매우 편리함.', '주차가 용이하여 좋음.']",,,,,,,,,"['다양한 상점이 있음.', '식당 선택지가 많음.', '상업시설 접근성이 좋음.', '편의시설이 잘 갖춰짐.']",10,0,0,4,0,0,0,0,0,0,0,0
apartment_1165010313,,,,,,,,,,,,"['주차 공간이 넉넉함.', '이용 편의성이 높음.', '양재동 중심에 위치.']",0,0,0,7,0,0,0,0,0,0,0,0
apartment_1165010301,,,['대중교통 이용 쉬움.'],,,"['대중교통 이용 용이함.', '주변 이동이 편리함.', '양재역이 인근에 있음.']",,,"['주차 접근성이 좋음.', '주차 스트레스 없음.']","['주변에 병원이 많음.', '의료시설 접근성이 좋음.', '종합병원까지 가까움.']",,['은행과 우체국 근처.'],4,0,0,4,0,10,7,2,0,2,0,3
apartment_1165010302,,,,,,"['마을버스가 자주 다님.', '버스정류장 인근에 있음.', '교통이 매우 편리함.', '4호선 이용 편리함.']",,,,,,"['3호선과 4호선 이용 편리.', '마을버스가 자주 다님.', '버스정류장과 가까움.', '생활 편의성이 높음.']",0,0,0,6,0,0,5,6,0,0,0,0
apartment_1165010305,,"['복잡하지 않아 편안함.', '주변이 조용해서 좋음.']",,,,,['교육시설이 잘 갖춰짐.'],,,,"['형촌마을 경치가 예쁨.', '테니스장과 농구대 구비.', '인라인, 자전거 트랙 있음.', '양재천이 가까워 좋음.']","['활기찬 분위기가 있음.', '삼성R&D 센터 근처.', '지하에 휘트니스 센터.']",0,0,0,4,0,0,0,2,4,2,0,0
apartment_1165010306,,,,,,,,,,,,,0,0,0,0,0,0,0,0,0,0,0,0
apartment_1165010307,,,,,,"['교통 편의성이 뛰어남.', '편리한 이동이 가능함.', '만남의광장역 가까움.', '대중교통 이용이 편리함.', '교통망 확장 기대됨.']",,,,,,"['교통 편의성이 뛰어남.', '상업시설 활성화 기대.', '주거와 상업의 조화.', '서초우면지구 발전 중.', '주변 인프라가 우수함.', '미래가 밝은 지역임.']",0,0,0,7,0,0,6,0,0,0,0,0
apartment_1165010308,,,,,,,"['어린이 키우기 좋은 환경.', '안전한 동네 분위기.', '가족 단위 거주에 적합함.', '학교와의 거리도 적당함.']",,,,,"['주차 공간이 넉넉함.', '상업시설 접근 용이.', '이마트 상가가 가까움.', '생활 편의시설 다양함.']",0,0,0,4,0,0,0,0,0,4,0,0
apartment_1165010310,,,,,,,,,,,,,0,0,0,0,0,0,0,0,0,0,0,0
apartment_1165010309,,,,,['주방이 넓어서 좋음.'],"['대중교통 이용 편리.', '교통 접근성이 좋음.', '주변 교통시설 우수.']",,,,,,,0,0,0,0,6,0,8,0,0,0,0,0
apartment_1165010311,,['소음이 적어 편안함.'],"['주차 공간이 충분함.', '버스정류장이 가까움.', '교통량이 적어 좋음.', '차량 이용이 편리함.', '지하철역도 접근 용이.']",,,,"['교육시설이 잘 갖춰짐.', '어린 자녀에게 적합.']",,,,"['주변이 한적하고 조용.', '양재천 근처 산책 좋음.', '아이 키우기 좋은 곳.', '자연과 가까운 환경.']",['상업시설이 적당히 있음. 주변 번화가가 멀어 좋음.'],7,0,0,1,0,0,2,1,5,2,0,0
apartment_1165010312,,,"['강남과 직결될 예정.', '교통문제 해결 기대됨.', '주암지구 개발 진행 중.', '지하철 노선이 개선됨.', '미래 교통망 기대됨.', '교통 편의성 증가할 듯.', '주변 교통망 확장 중.']",,,"['주변 교통망 확장 중.', '지하철 접근성이 좋음.', '편리한 이동이 가능함.', '대중교통이 개선될 예정.', '위례과천선이 통과함.', '강남과 직결되는 노선.']",,,,,,,8,0,0,0,0,0,6,0,0,0,0,0
apartment_1165010304,,,,,,"['교통망이 잘 구축됨.', '대중교통 이용 용이.', '이동이 매우 편리함.']","['교육 환경이 우수함.', '대치동 학원가 근접.']",,,,,"['이마트도 근처에 있음.', '코스트코 가까워 좋음.', '주변에 일자리가 많음.', '생활 편의시설 풍부함.']",0,0,0,4,0,0,8,0,0,3,0,0
apartment_1165010303,,"['소음이 크게 느껴짐.', '위층 소음 신경 쓰임.', '소음 문제 개선 필요.']",,,,"['대중교통 이용 만족.', '대중교통 이용 편리.', '버스 정류장 가까움.', '대중교통 접근성 좋음.', '마을버스가 자주 옴.']",,,"['주차가 편리하게 제공됨.', '주차 부족하지 않음.', '주차시설에 불만 없음.', '주차시설 만족스러움.', '주차 공간이 적당함.']",,,,0,0,0,0,0,10,7,5,0,0,0,0
apartment_1165010615,,,,,,,,,,,,,0,0,0,0,0,0,0,0,0,0,0,0
apartment_1165010620,,,,,,['도보 이동이 용이함.'],,,,,,,0,0,0,0,0,0,7,1,0,5,0,0
apartment_1165010606,,,,"['주변 시세보다 저렴함.', '세대수가 적어서 저렴.', '가격이 매우 저렴함.']",,,,,,,,,0,6,0,0,0,0,0,0,0,0,0,0
apartment_1165010646,,,,,,,,"['주변에 공원이 많음.', '주차 공간이 넉넉함.', '관리 상태가 매우 우수함.', '상업시설이 가까워 편리함.', '주변 경관이 아름다움.', '주변이 조용하고 평화로움.', '교통이 편리하여 좋음.', '안전한 환경이 조성됨.', '주거 환경이 쾌적함.']",,,,,0,0,0,0,0,0,0,0,0,0,9,0
apartment_1165010647,,,,,,,,,,,,,0,0,0,0,0,0,0,0,0,0,0,0
apartment_1165010602,,,,,,"['교통이 정말 최고임.', '올림픽대로 접근 용이.']","['학군이 매우 우수함.', '교육시설 접근 용이.']",,,,,,0,0,0,0,0,0,6,2,0,4,0,0
apartment_1165010609,,,,,,"['고속도로 접근이 용이함.', '사립초 스쿨버스 정류장.', '압구정 학원가 접근 용이.', '도보로 가로수길 7분.', '버스 정류장이 가까움.', '대중교통이 매우 편리함.', '반포 지역도 쉽게 이동 가능.']","['도보로 이동 가능함.', '사립초 스쿨버스 있음.', '교육시설 접근성이 좋음.']",,,,,"['압구정 학원가와 가까움.', '버스 정류장이 바로 앞.', '강남 고속터미널 근처임.', '가로수길까지 가까움.', '교통이 매우 편리함.', '현대백화점이 인근에 있음.', '킴스클럽도 쉽게 접근 가능.', '신세계백화점과 가까움.']",0,0,0,8,0,0,7,5,0,4,0,0
apartment_1165010610,,,,,,"['지하철역도 이용 가능.', '버스정류장이 가까움.', '교통 접근성이 좋음.']",,,"['주차가 편리하게 가능.', '주차가 불편하지 않음.', '주차 공간이 충분함.', '주차가 스트레스 없음.', '주차가 용이하여 만족.', '주차장이 넓어서 좋음.', '주차 공간이 여유로움.', '주차시설이 잘 관리됨.', '주차장 위치가 좋음.']",,,,0,0,0,0,0,10,5,3,0,0,0,0
apartment_1165010651,,,,,,,,,,,,,0,0,0,0,0,0,0,0,0,0,0,0
apartment_1165010650,,,,,,,,,,,,,0,0,0,0,0,0,0,0,0,0,0,0
apartment_1165010648,,,,,,,,,,,,,0,0,0,0,0,0,0,0,0,0,0,0
apartment_1165010640,,['단지가 조용하고 깨끗함.'],,,,"['버스 정류장이 많음.', '고속터미널역도 가까움.', '반포역도 인근에 있음.', '이동이 편리해서 좋음.']","['청담고도 인근에 있음.', '지역 교육 지원이 활발함.', '교육시설 접근성이 좋음.', '초중고가 가까워 좋음.', '도보로 통학 가능함.', '자녀 교육에 최적임.', '안전한 통학로가 있음.', '학습 분위기가 좋음.', '학군이 뛰어나 만족.']","['엘리베이터가 새로움.', '단지가 조용하고 깨끗함.', '교통이 매우 편리함.', '한강 산책이 용이함.', '학교가 도보 2분 거리.', '경비 아저씨들 친절함.']","['주차가 편리해 만족함.', '안전한 주차환경 제공.', '지하주차장이 두 군데.', '주차가 용이해서 좋음.', '주차시설이 매우 편리함.', '주차장 관리가 잘됨.', '차 두 대 주차 가능.', '주차 스트레스가 없음.']",,,"['상업시설이 가까워 편리함.', '주변 쇼핑시설 다양함.']",0,0,0,2,0,10,7,1,0,10,8,0
apartment_1165010639,,['주변 환경이 조용함.'],,,,"['교통이 원활하여 좋음.', '버스정류장 인근에 있음.', '이동이 매우 편리함.']",,"['주변 상업시설 다양함.', '관리 상태가 우수함.', '생활 편의시설 많음.']","['주차 접근성이 좋음.', '주차 공간이 충분함.', '지하 2층 주차 가능.', '주차 공간이 쾌적함.', '주차가 용이해서 편함.', '주차장이 넓어서 좋음.', '주차 스트레스 없음.', '주차 편리하게 이용함.']",,,,0,0,0,4,0,10,5,2,0,0,10,0
apartment_1165010611,,['주변이 조용한 편임.'],['143번 버스 정류장 있음.'],,,"['집앞에 버스 지나감.', '이동이 매우 용이함.', '위치가 매우 우수함.']",,,,,,,4,0,0,0,0,0,8,2,0,2,6,0
apartment_1165010617,,,,,,,,,,,,,0,0,1,0,0,0,0,3,0,0,0,0
apartment_1165010607,,"['소음이 적어 편안함.', '주변이 조용해서 좋음.']",,,,['대중교통 이용 용이.'],,"['놀이터가 집앞에 있음.', '한강 조망이 가능함.', '교통이 점점 좋아짐.', '주변 환경이 쾌적함.', '자연과 가까운 위치.', '안전한 주거 공간임.', '소규모 단지의 장점.']",,,"['놀이터가 인근에 있음.', '주변 환경이 쾌적함.']",,0,0,0,0,0,0,9,2,3,0,8,0
apartment_1165010632,,,,,,,,"['공원과 녹지가 많음.', '문화시설이 가까워 편리함.', '주차 공간이 넉넉함.', '주변이 조용하고 쾌적함.', '안전한 주거 환경임.', '교육 환경이 우수함.', '주변 시설이 잘 갖춰짐.', '교통이 편리해서 좋음.', '상업시설이 다양하게 있음.']",,,,,0,0,0,0,0,0,0,0,0,0,9,0
apartment_1165010630,,"['소음 문제 해결 가능.', '조용한 환경 기대됨.', '안정된 주거 환경 조성.']",,,,,,,,,,,0,0,0,0,0,0,0,3,0,0,0,0
apartment_1165010624,,,,,,"['교통 접근성이 뛰어남.', '편리한 이동이 가능함.', '여러 호선 이용 가능.', '대중교통이 매우 편리함.']",,,,,,"['현대홈타운 상가 좋음.', '병원도 인근에 있음.', '주변 시설이 다양함.']",0,0,0,9,0,0,6,0,0,0,0,0
apartment_1165010636,,['밤에 소음이 살짝 있음.'],,,,"['잠원역과 반포역 가까움.', '고속터미널도 가까움.', '버스로 다양한 지역 이동 가능.', '교통이 매우 편리함.', '환승 없이 이태원까지 가능.', '교통과 시설이 정말 좋음.']",,"['환승 없이 이동 가능.', '교통이 매우 편리함.']","['주차시설이 만족스러움.', '주차장이 넉넉하고 편함.', '주차 공간이 충분함.']",,,"['환승 없이 이동 가능.', '신세계백화점이 가까움.', '주변 인프라가 좋음.', '고속터미널과 가까움.', '교통이 매우 편리함.']",0,0,0,8,0,3,6,1,0,0,4,0
apartment_1165010631,,,,,,,"['신동초가 인근에 있음.', '세화고와 서초고도 좋음.', '다양한 학교 선택 가능.', '교육 환경이 우수함.', '자녀 교육에 최적임.', '입지가 매우 뛰어남.', '현대고도 쉽게 갈 수 있음.', '학교가 가까워서 좋음.', '상문고와 서울고도 근처.']",,,,['다양한 학교 선택 가능.'],,0,0,0,4,0,0,0,0,10,10,0,0
apartment_1165010618,,"['층간소음이 거의 없음.', '소음 걱정 없어서 좋음.', '조용한 환경 유지됨.']",,,,"['대중교통 이용이 쉬움.', '교통이 매우 원활함.', '이동이 간편해서 좋음.', '교통편이 만족스러움.']",,,,,,"['주변 편의시설 많음.', '입지가 매우 우수함.', '상권이 다양해 좋음.']",0,0,0,7,0,0,7,3,0,0,0,0
apartment_1165010643,,,,,,"['대중교통 이용 편리함.', '학교 버스정류장 인근.']","['학교 버스정류장이 가까움.', '주변 교육시설이 우수함.']","['복도가 넓고 쾌적함.', '나무가 많아 아름다움.', '주변 시설이 다양함.', '주변이 조용해서 좋음.']",,,,,0,0,4,4,0,0,4,2,0,2,9,0
apartment_1165010638,,,,"['가성비 뛰어난 선택.', '가격 대비 만족스러움.', '주변 편의시설 좋음.']",,,,,,,,"['식당 선택지가 풍부함.', '주변에 마트가 많음.', '쇼핑 편의성이 좋음.']",0,6,0,4,0,0,0,0,0,0,0,0
apartment_1165010635,,['주변이 조용해서 좋음.'],,,,"['교통 접근성이 좋음.', '지하철 이용 용이함.', '이동이 매우 편리함.']",,"['생활 편의시설 많음.', '22차와 연결되어 있음.', '주변 환경이 괜찮음.', '뉴코아 킴스클럽 근처.']","['주차시설이 만족스러움.', '주차가 편리하게 가능.', '주차가 용이해서 좋음.', '주차장이 편리하게 위치.', '주차공간이 넉넉해 편함.', '주차가 수월하게 이루어짐.', '주차시설이 잘 갖춰짐.', '주차공간이 여유로움.']",,,"['상업시설 접근 용이.', '뉴코아 킴스클럽 근처.']",0,0,0,4,0,10,7,1,0,0,8,0
apartment_1165010649,,,,,,,"['아이들 등교 편리함.', '안전한 통학로 있음.', '교육 환경이 뛰어남.', '학교와의 거리 짧음.', '주변 교육시설 우수.', '부모님 만족도 높음.']",,,,,,0,0,0,0,0,0,0,0,0,8,0,0
apartment_1165010604,,"['소음이 적어 편안함.', '주변이 조용해서 좋음.']",,,,"['편리한 위치에 있음.', '시간 절약할 수 있음.', '다양한 노선 이용 가능.']",,,,,,"['고속터미널과 인접함.', '신세계와 가까운 거리.', '한강까지 도보 가능.', '편리한 교통이 장점.', '주변 시설이 다양함.']",0,0,0,6,0,0,8,4,0,0,0,0
apartment_1165010633,,,,,,,,,,,,,0,0,0,0,0,0,0,0,0,0,0,0
apartment_1165010616,,"['소음이 적어 안정적임.', '주변이 조용해서 좋음.']",,,,['도보 이동이 용이함.'],,,,,,,0,0,0,5,0,0,2,2,0,0,0,0
apartment_1165010603,"['자연과 가까운 느낌.', '한적한 환경이 매력.', '주변이 조용하고 평화로움.', '주거 환경이 쾌적함.']",['소음이 적어 편안함.'],"['걸어서 이동 가능함.', '접근성이 뛰어난 위치.']",,,['대중교통 이용 편리.'],,,,,,"['다양한 편의시설 있음.', '상가가 가까워 좋음.']",3,0,6,4,0,0,2,1,0,0,0,0
apartment_1165010642,,"['소음 걱정 없어서 안심.', '주변이 조용해서 좋음.']",,,,,"['학부모들 만족도가 높음.', '아이들 교육에 최적임.', '아이들 성장에 도움됨.', '교육 환경이 우수함.', '안전한 통학로가 있음.', '학교가 가까워서 좋음.', '다양한 교육 프로그램 제공.']",,,,,,0,0,0,0,0,0,0,4,0,8,0,0
apartment_1165010605,,"['소음 문제 전혀 없음.', '소음 걱정 없어서 편안.', '소음으로 인한 스트레스 없음.', '조용한 밤시간 보장.', '주변이 조용해서 좋음.']",,,,"['대중교통 이용이 좋음.', '주변에 정류장이 많음.', '버스 노선이 다양함.']","['학부모 참여 활발함.', '지역 사회와 연계됨.', '아이들 교육에 적합.', '다양한 프로그램 제공.', '안전한 통학로가 있음.', '학교가 가까워 좋음.', '학습 환경이 뛰어남.']","['학교가 인근에 있음.', '주변 환경이 쾌적함.', '자연 경관이 아름다움.', '생활 편의시설 풍부함.', '병원 접근성이 좋음.']",,,,['병원 접근성이 좋음.'],0,0,0,4,0,0,10,7,0,10,9,0
apartment_1165010619,,"['주거 환경이 쾌적함.', '주변이 조용해서 좋음.']","['주거지로 최적의 위치.', '교통이 편리해서 좋음.', '주차 공간은 아쉬움.', '한강 접근성이 뛰어남.', '고터 앞 교통 밀림.']",,,"['아이와 이동하기 편리함.', '버스정류장이 가까움.', '지하철역도 인근에 있음.', '교통이 원활하여 좋음.', '대중교통 이용이 용이함.', '주변 교통망이 잘 구축됨.', '교통이 안전하게 느껴짐.']","['아이 교육에 최적임.', '학교와 교통이 우수.', '아이와 함께 살기 좋음.']",,"['주차가 불만족스러움.', '주차시설 개선 필요.']",,,,5,0,0,0,0,9,8,2,0,5,0,0
apartment_1165010637,,"['소음이 적어 편안함.', '주변 소음이 거의 없음.', '주변이 조용해서 좋음.']",,,,"['이동이 수월해서 좋음.', '버스정류장이 가까움.', '대중교통 이용 편리.', '주변 교통이 원활함.', '대중교통 접근성이 우수.']",,"['녹지가 많아 쾌적함.', '안전한 단지 분위기.', '주변 상업시설 풍부.', '교통이 매우 편리함.']","['주차 공간이 넉넉함.', '주차 편의성이 좋음.', '주차시설 관리가 잘됨.']",,,,0,0,0,0,0,8,5,3,0,0,9,0
apartment_1165010634,,,,,,"['대중교통이 잘 연결됨.', '지하철 이용이 용이함.', '편리한 교통 덕분에 좋음.', '대중교통 접근성이 뛰어남.', '교통이 원활해 편리함.', '버스 노선도 다양함.', '3호선이 가까워 좋음.', '이동이 편리해서 좋음.']",,['조용한 입지가 좋음.'],"['주차가 편리하게 설계됨.', '주차 공간이 쾌적함.', '주차 공간이 넉넉함.', '주차가 용이해 만족함.', '주차가 용이해서 좋음.', '주차가 스트레스 없음.', '주차시설이 잘 관리됨.', '주차 위치가 안전함.', '주차장 접근성이 좋음.']",,,,0,0,0,0,0,10,8,2,0,0,5,0
apartment_1165010614,,,"['주변 도로가 잘 정비됨.', '대중교통 이용이 용이함.', '교통이 매우 편리함.', '자전거 도로도 잘 마련됨.']",,,"['대중교통 이용이 용이함.', '교통이 매우 편리함.']","['안전한 교육시설 있음.', '학교와 가까워 좋음.', '교육 여건이 우수함.', '주변 초중학교 훌륭함.']",,,,,,5,0,0,0,0,0,2,3,0,4,0,0
apartment_1165010625,,"['소음이 적어 편안함.', '주변이 조용해서 좋음.']",,,,"['대중교통 이용이 쉬움.', '교통이 좋아 이동 편함.', '강남과 강북 접근 용이.', '버스와 지하철 많음.']",,,"['주차가 항상 여유있음.', '주차시설 관리 잘됨.', '지하 주차시설 좋음.', '주차 접근성이 뛰어남.', '주차가 용이해서 좋음.', '주차가 안전하게 느껴짐.', '주차로 인한 불편 없음.', '주차 스트레스 없음.']",,,"['음식점도 다양하게 있음.', '마트와 병원 가까움.', '교통이 매우 편리함.', '생활 편의시설 풍부함.', '버스와 지하철 많음.']",0,0,0,5,0,10,5,2,0,0,0,0
apartment_1165010612,,,,,,,,,,,,,0,0,0,0,0,0,0,0,0,0,0,0
apartment_1165010641,,,"['주차 공간도 적당함.', '대중교통 이용 용이.']",,,"['교통이 원활하게 연결됨.', '주변 이동이 편리함.', '주변에 정류장이 많음.', '대중교통 이용이 용이함.', '버스 노선이 다양함.', '교통 접근성이 좋음.']",,,,,,"['백화점도 가까워 좋음.', '주차 공간이 넉넉함.', '생활 편의성이 높음.', '쇼핑몰이 인근에 있음.', '마트가 가까워 편리.']",4,0,0,6,0,0,9,0,0,0,0,0
apartment_1165010608,"['한강이 가까워 좋음.', '자연지구 분위기 좋음.']","['차량 소음이 다소 있음.', '층간 소음이 존재함.']",,,,"['편리한 위치에 있음.', '지하철도 이용 가능.', '주변 교통시설 좋음.', '고속버스터미널 근처.', '대중교통 접근성 좋음.']",,,,,,,0,0,3,0,0,0,9,3,0,0,0,0
apartment_1165010627,,,,,,,,,,,,,0,0,0,0,0,0,0,0,0,0,0,0
apartment_1165010902,"['공기 좋고 조용하며 교통 편리함', '조용한 환경이지만 편의시설이 부족함', '숲으로 둘러싸여 공기가 좋음', '2단지 살기 좋은 선택임', '단지가 조용하고 공기가 좋음', '여의천 근처라서 좋음', '조용하고 쾌적하나 편의시설 부족함', '자연친화적인 환경이 마음에 듦', '자연 속 한적한 동네라 힐링됨', '조용하고 깨끗한 주거환경임', '청정한 숲세권으로 산책하기 좋음', '숲 가까워 조용하고 한적함', '자연적인 분위기가 매력적인 동네임.', '집값은 비싸지만 조용하고 살기 좋음', '어린아이 키우기 좋은 동네임', '강남에서 자연과 숲속 생활 가능함', '주차 편리하고 자연환경이 좋음', '산으로 둘러싸여 공기 좋고 조용함', '공기 좋고 출근하기 편리함', '교통 불편하지만 한적한 지역 원함', '살기 좋고 공기도 좋은 곳임', '강남에서 여유로운 숲세권 아파트임.', '숲냄새가 좋고 마음이 편안한 곳임.', '조용하고 공기 좋은 비싼 동네임']","['산으로 둘러싸여 공기 좋고 조용함', '조용하고 깨끗한 주거환경임', '조용하고 공기 좋은 비싼 동네임', '숲 가까워 조용하고 한적함', '집값은 비싸지만 조용하고 살기 좋음', '단지가 조용하고 공기가 좋음', '공기 좋고 조용하며 교통 편리함', '2단지 살기 좋은 선택임']","['강남과 분당 근처라서 좋음', '공기 좋고 출근하기 편리함', '교통 불편하지만 한적한 지역 원함', '교통이 편리하고 버스 이용이 많음', '2단지 살기 좋은 선택임']","['강남과 분당 근처라서 좋음', '강남에서 여유로운 숲세권 아파트임.', '집값은 비싸지만 조용하고 살기 좋음', '조용한 환경이지만 편의시설이 부족함', '2단지 살기 좋은 선택임']","['전용 면적이 다른 단지보다 넓음', '2단지 살기 좋은 선택임']","['공기 좋고 조용하며 교통 편리함', '청계산역까지 마을버스 자주 있음', '교통이 편리하고 버스 이용이 많음', '2단지 살기 좋은 선택임']","['초등생 있는 집은 학교 가까워 좋음', '2단지 살기 좋은 선택임']",,"['2단지 살기 좋은 선택임', '주차 편리하고 자연환경이 좋음']",['2단지 살기 좋은 선택임'],['2단지 살기 좋은 선택임'],['2단지 살기 좋은 선택임'],41,30,103,9,20,11,40,36,8,19,10,8
